Workbook

Sheet Prices
A1: Date | B1: Vestas | C1: Ørsted | D1: Fortum | E1: Neste | F1: Nibe | G1: Engie | H1: Centrica | I1: SSE | J1: EDP | K1: RWE | L1: Iberdrola | M1: Enel
A2: 42736 | B2: 12.951178 | C2: 19.48288 | D2: 14.79 | E2: 10.753322 | F2: 1.9093267 | G2: 11.065 | H2: 2.6111948 | I2: 17.334236 | J2: 2.627098 | K2: 12.255 | L2: 5.834 | M2: 3.864
A3: 42767 | B3: 14.005326 | C3: 19.314621 | D3: 14.49 | E3: 10.959989 | F3: 1.8965434 | G3: 11.54 | H3: 2.6572027 | I3: 18.046494 | J3: 2.8528645 | K3: 13.455 | L3: 6.274 | M3: 4.052
A4: 42795 | B4: 15.249492 | C4: 20.097979 | D4: 14.83 | E4: 12.186654 | F4: 1.8757993 | G4: 13.28 | H4: 2.5370264 | I4: 17.256454 | J4: 3.103064 | K4: 15.535 | L4: 6.705 | M4: 4.414
A5: 42826 | B5: 15.812166 | C5: 20.102758 | D5: 13.36 | E5: 12.496654 | F5: 2.0352745 | G5: 12.95 | H5: 2.3511927 | I5: 16.52607 | J5: 2.9613492 | K5: 15.205 | L5: 6.602 | M5: 4.364
A6: 42856 | B6: 15.820786 | C6: 21.598272 | D6: 14.18 | E6: 11.796654 | F6: 2.0796947 | G6: 13.585 | H6: 2.3339274 | I6: 17.277721 | J6: 3.199821 | K6: 18.08 | L6: 7.098 | M6: 4.758
A7: 42887 | B7: 16.166742 | C7: 21.970346 | D7: 13.73 | E7: 11.496655 | F7: 2.067302 | G7: 13.215 | H7: 2.2800386 | I7: 16.547932 | J7: 2.798133 | K7: 17.445 | L7: 6.933 | M7: 4.6940002
A8: 42917 | B8: 16.51266 | C8: 22.637955 | D8: 13.82 | E8: 12.209988 | F8: 2.0197673 | G8: 13.605 | H8: 2.2196138 | I8: 15.419887 | J8: 2.932029 | K8: 17.815 | L8: 6.664 | M8: 4.824
A9: 42948 | B9: 15.300431 | C9: 24.3014 | D9: 15.08 | E9: 12.346654 | F9: 1.9330388 | G9: 14.02 | H9: 2.1665502 | I9: 15.444392 | J9: 3.151931 | K9: 20.955 | L9: 6.861 | M9: 5.085
A10: 42979 | B10: 15.184677 | C10: 26.917282 | D10: 16.89 | E10: 12.316654 | F10: 2.1257515 | G10: 14.37 | H10: 2.1222174 | I10: 15.854213 | J10: 3.1128376 | K10: 19.22 | L10: 6.572 | M10: 5.095
A11: 43009 | B11: 15.145337 | C11: 26.739748 | D11: 18.23 | E11: 15.943317 | F11: 2.146835 | G11: 14.51 | H11: 1.9355845 | I11: 15.753697 | J11: 2.9936016 | K11: 21.46 | L11: 6.938 | M11: 5.325
A12: 43040 | B12: 10.754753 | C12: 27.169106 | D12: 17.68 | E12: 17.399982 | F12: 2.0076513 | G12: 14.705 | H12: 1.6416135 | I12: 15.54197 | J12: 2.8782752 | K12: 19.25 | L12: 6.672 | M12: 5.455
A13: 43070 | B13: 11.518459 | C13: 25.283905 | D13: 16.5 | E13: 17.783314 | F13: 1.9986675 | G13: 14.335 | H13: 1.5467404 | I13: 14.870337 | J13: 2.8196347 | K13: 17 | L13: 6.46 | M13: 5.13
... A111: 46054 | B111: 21.742708 | C111: 20.07637 | D111: 19.81 | E111: 21.18 | F111: 3.4797761 | G111: 28.93 | H111: 2.267699 | I111: 30.619345 | J111: 4.516 | K111: 54.54 | L111: 20.05 | M111: 10.194

Sheet Target_Prices
A1: Date | B1: Vestas | C1: Ørsted | D1: Fortum | E1: Neste | F1: Nibe | G1: Engie | H1: Centrica | I1: SSE | J1: EDP | K1: RWE | L1: Iberdrola | M1: Enel
A2: 42734 | B2: 14.8282 | C2: 19.6644 | D2: 13.6167 | E2: 12.4637 | F2: 1.90462 | G2: 15.1643 | H2: 2.78976 | I2: 18.7059 | J2: 3.15464 | K2: 13.4582 | L2: 6.66279 | M2: 4.65977
A3: 42825 | B3: 16.124 | C3: 20.8855 | D3: 13.4034 | E3: 11.2683 | F3: 1.94314 | G3: 14.4553 | H3: 2.60594 | I3: 18.5509 | J3: 3.17217 | K3: 14.6578 | L3: 6.80245 | M3: 4.66958
A4: 42916 | B4: 16.7821 | C4: 21.898 | D4: 13.475 | E4: 11.5789 | F4: 2.20316 | G4: 14.5333 | H4: 2.36191 | I4: 17.664 | J4: 3.16519 | K4: 18.7515 | L4: 7.2241 | M4: 5.0125
A5: 43008 | B5: 17.2493 | C5: 25.1915 | D5: 14.7889 | E5: 11.8066 | F5: 2.06524 | G5: 14.9294 | H5: 2.3499 | I5: 17.4692 | J5: 3.13315 | K5: 20.4691 | L5: 7.23554 | M5: 5.3004
A6: 43099 | B6: 13.4604 | C6: 26.8532 | D6: 17.5795 | E6: 15.2877 | F6: 1.97917 | G6: 16.03 | H6: 1.78053 | I6: 17.1952 | J6: 3.01377 | K6: 20.4491 | L6: 7.18565 | M6: 5.7948
A7: 43190 | B7: 13.6235 | C7: 28.053 | D7: 18.1152 | E7: 17.8916 | F7: 1.9515 | G7: 15.3375 | H7: 1.76227 | I7: 16.6775 | J7: 2.91203 | K7: 21.086 | L7: 7.05926 | M7: 5.7716
A8: 43281 | B8: 13.5371 | C8: 30.3469 | D8: 19.375 | E8: 20.6648 | F8: 2.11427 | G8: 15.5524 | H8: 1.76403 | I8: 16.3625 | J8: 3.25064 | K8: 22.5652 | L8: 7.1779 | M8: 5.65
A9: 43373 | B9: 13.0754 | C9: 31.5502 | D9: 21.35 | E9: 22.7543 | F9: 2.27159 | G9: 15.5864 | H9: 1.80693 | I9: 15.1594 | J9: 3.32929 | K9: 24.685 | L9: 7.27959 | M9: 5.5216
A10: 43464 | B10: 13.464 | C10: 34.8581 | D10: 20.2333 | E10: 25.3122 | F10: 2.31923 | G10: 15.3083 | H10: 1.72613 | I10: 14.8309 | J10: 3.3197 | K10: 22.3967 | L10: 7.40269 | M10: 5.51818
A11: 43555 | B11: 14.9349 | C11: 37.2781 | D11: 21.1184 | E11: 30.6583 | F11: 2.59247 | G11: 15.5813 | H11: 1.51488 | I11: 15.0581 | J11: 3.48685 | K11: 24.0925 | L11: 7.79042 | M11: 5.8505
A12: 43646 | B12: 16.3166 | C12: 39.7116 | D12: 20.8972 | E12: 34.2485 | F12: 2.75141 | G12: 15.5857 | H12: 1.14384 | I12: 13.7239 | J12: 3.57036 | K12: 25.4974 | L12: 8.55923 | M12: 6.22947
A13: 43738 | B13: 16.3752 | C13: 47.5149 | D13: 21.85 | E13: 34.0737 | F13: 2.73213 | G13: 15.9937 | H13: 0.877397 | I13: 14.3221 | J13: 3.82569 | K13: 28.2143 | L13: 9.10157 | M13: 6.83
... A38: 46021 | B38: 22.1403 | C38: 18.2971 | D38: 15.7429 | E38: 20.4727 | F38: 3.9991 | G38: 24.3235 | H38: 2.22805 | I38: 28.206 | J38: 4.54 | K38: 49.7368 | L38: 17.9048 | M38: 9.305

Sheet MSCI_EU
A1: DATE | B1: MSCI EU
A2: 42398 | B2: 115.37109
A3: 42429 | B3: 112.49869
A4: 42460 | B4: 113.62127
A5: 42489 | B5: 115.14508
A6: 42521 | B6: 116.85846
A7: 42551 | B7: 111.62442
A8: 42580 | B8: 115.45176
A9: 42613 | B9: 115.92785
A10: 42643 | B10: 115.81896
A11: 42674 | B11: 114.74591
A12: 42704 | B12: 115.79812
A13: 42734 | B13: 122.49678
... A123: 46080 | B123: 211.7

Sheet Master_data
A1: DATE | B1: firm | C1: price | D1: Target_price | E1: Return | F1: Signal
A2: 42766 | B2: Vestas | C2: 12.951178 | D2: =LOOKUP(EOMONTH(A2,0),Target_Prices!A$2:A$38,Target_Prices!B$2:B$38) -> 14.8282 | F2: =(D2-C2)/C2 -> 0.1449306
A3: 42794 | B3: Vestas | C3: 14.005326 | D3: =LOOKUP(EOMONTH(A3,0),Target_Prices!A$2:A$38,Target_Prices!B$2:B$38) -> 14.8282 | E3: =(C3/C2)-1 -> 0.081393986 | F3: =(D3-C3)/C3 -> 0.058754362
A4: 42825 | B4: Vestas | C4: 15.249492 | D4: =LOOKUP(EOMONTH(A4,0),Target_Prices!A$2:A$38,Target_Prices!B$2:B$38) -> 16.124 | E4: =(C4/C3)-1 -> 0.088835205 | F4: =(D4-C4)/C4 -> 0.057346697
A5: 42853 | B5: Vestas | C5: 15.812166 | D5: =LOOKUP(EOMONTH(A5,0),Target_Prices!A$2:A$38,Target_Prices!B$2:B$38) -> 16.124 | E5: =(C5/C4)-1 -> 0.036897885 | F5: =(D5-C5)/C5 -> 0.019721144
A6: 42886 | B6: Vestas | C6: 15.820786 | D6: =LOOKUP(EOMONTH(A6,0),Target_Prices!A$2:A$38,Target_Prices!B$2:B$38) -> 16.124 | E6: =(C6/C5)-1 -> 0.00054514985 | F6: =(D6-C6)/C6 -> 0.019165546
A7: 42916 | B7: Vestas | C7: 16.166742 | D7: =LOOKUP(EOMONTH(A7,0),Target_Prices!A$2:A$38,Target_Prices!B$2:B$38) -> 16.7821 | E7: =(C7/C6)-1 -> 0.021867182 | F7: =(D7-C7)/C7 -> 0.038063204
A8: 42947 | B8: Vestas | C8: 16.51266 | D8: =LOOKUP(EOMONTH(A8,0),Target_Prices!A$2:A$38,Target_Prices!B$2:B$38) -> 16.7821 | E8: =(C8/C7)-1 -> 0.02139689 | F8: =(D8-C8)/C8 -> 0.016317177
A9: 42978 | B9: Vestas | C9: 15.300431 | D9: =LOOKUP(EOMONTH(A9,0),Target_Prices!A$2:A$38,Target_Prices!B$2:B$38) -> 16.7821 | E9: =(C9/C8)-1 -> -0.073412097 | F9: =(D9-C9)/C9 -> 0.096838383
A10: 43007 | B10: Vestas | C10: 15.184677 | D10: =LOOKUP(EOMONTH(A10,0),Target_Prices!A$2:A$38,Target_Prices!B$2:B$38) -> 17.2493 | E10: =(C10/C9)-1 -> -0.0075654078 | F10: =(D10-C10)/C10 -> 0.13596753
A11: 43039 | B11: Vestas | C11: 15.145337 | D11: =LOOKUP(EOMONTH(A11,0),Target_Prices!A$2:A$38,Target_Prices!B$2:B$38) -> 17.2493 | E11: =(C11/C10)-1 -> -0.0025907696 | F11: =(D11-C11)/C11 -> 0.1389182
A12: 43069 | B12: Vestas | C12: 10.754753 | D12: =LOOKUP(EOMONTH(A12,0),Target_Prices!A$2:A$38,Target_Prices!B$2:B$38) -> 17.2493 | E12: =(C12/C11)-1 -> -0.28989675 | F12: =(D12-C12)/C12 -> 0.60387691
A13: 43098 | B13: Vestas | C13: 11.518459 | D13: =LOOKUP(EOMONTH(A13,0),Target_Prices!A$2:A$38,Target_Prices!B$2:B$38) -> 13.4604 | E13: =(C13/C12)-1 -> 0.071011022 | F13: =(D13-C13)/C13 -> 0.16859382
A14: 43131 | B14: Vestas | C14: 10.991138 | D14: =LOOKUP(EOMONTH(A14,0),Target_Prices!A$2:A$38,Target_Prices!B$2:B$38) -> 13.4604 | E14: =(C14/C13)-1 -> -0.045780516 | F14: =(D14-C14)/C14 -> 0.22465936
... A111: 46080 | B111: Vestas | C111: 21.742708 | D111: =LOOKUP(EOMONTH(A111,0),Target_Prices!A$2:A$38,Target_Prices!B$2:B$38) -> 22.1403 | E111: =(C111/C110)-1 -> -0.15279203 | F111: =(D111-C111)/C111 -> 0.018286223
A112: 42766 | B112: Ørsted | C112: 19.48288 | D112: =LOOKUP(EOMONTH(A112,0),Target_Prices!A$2:A$38,Target_Prices!C$2:C$38) -> 19.6644 | F112: =(D112-C112)/C112 -> 0.0093168977
A113: 42794 | B113: Ørsted | C113: 19.314621 | D113: =LOOKUP(EOMONTH(A113,0),Target_Prices!A$2:A$38,Target_Prices!C$2:C$38) -> 19.6644 | E113: =(C113/C112)-1 -> -0.0086362489 | F113: =(D113-C113)/C113 -> 0.018109545
A114: 42825 | B114: Ørsted | C114: 20.097979 | D114: =LOOKUP(EOMONTH(A114,0),Target_Prices!A$2:A$38,Target_Prices!C$2:C$38) -> 20.8855 | E114: =(C114/C113)-1 -> 0.040557772 | F114: =(D114-C114)/C114 -> 0.039184089
A115: 42853 | B115: Ørsted | C115: 20.102758 | D115: =LOOKUP(EOMONTH(A115,0),Target_Prices!A$2:A$38,Target_Prices!C$2:C$38) -> 20.8855 | E115: =(C115/C114)-1 -> 0.0002377851 | F115: =(D115-C115)/C115 -> 0.038937045
A116: 42886 | B116: Ørsted | C116: 21.598272 | D116: =LOOKUP(EOMONTH(A116,0),Target_Prices!A$2:A$38,Target_Prices!C$2:C$38) -> 20.8855 | E116: =(C116/C115)-1 -> 0.074393474 | F116: =(D116-C116)/C116 -> -0.033001344
A117: 42916 | B117: Ørsted | C117: 21.970346 | D117: =LOOKUP(EOMONTH(A117,0),Target_Prices!A$2:A$38,Target_Prices!C$2:C$38) -> 21.898 | E117: =(C117/C116)-1 -> 0.017227026 | F117: =(D117-C117)/C117 -> -0.0032928931
A118: 42947 | B118: Ørsted | C118: 22.637955 | D118: =LOOKUP(EOMONTH(A118,0),Target_Prices!A$2:A$38,Target_Prices!C$2:C$38) -> 21.898 | E118: =(C118/C117)-1 -> 0.030386822 | F118: =(D118-C118)/C118 -> -0.032686477
A119: 42978 | B119: Ørsted | C119: 24.3014 | D119: =LOOKUP(EOMONTH(A119,0),Target_Prices!A$2:A$38,Target_Prices!C$2:C$38) -> 21.898 | E119: =(C119/C118)-1 -> 0.073480356 | F119: =(D119-C119)/C119 -> -0.098899652
A120: 43007 | B120: Ørsted | C120: 26.917282 | D120: =LOOKUP(EOMONTH(A120,0),Target_Prices!A$2:A$38,Target_Prices!C$2:C$38) -> 25.1915 | E120: =(C120/C119)-1 -> 0.10764326 | F120: =(D120-C120)/C120 -> -0.064114274
A121: 43039 | B121: Ørsted | C121: 26.739748 | D121: =LOOKUP(EOMONTH(A121,0),Target_Prices!A$2:A$38,Target_Prices!C$2:C$38) -> 25.1915 | E121: =(C121/C120)-1 -> -0.0065955396 | F121: =(D121-C121)/C121 -> -0.05790062
A122: 43069 | B122: Ørsted | C122: 27.169106 | D122: =LOOKUP(EOMONTH(A122,0),Target_Prices!A$2:A$38,Target_Prices!C$2:C$38) -> 25.1915 | E122: =(C122/C121)-1 -> 0.01605692 | F122: =(D122-C122)/C122 -> -0.072788777
A123: 43098 | B123: Ørsted | C123: 25.283905 | D123: =LOOKUP(EOMONTH(A123,0),Target_Prices!A$2:A$38,Target_Prices!C$2:C$38) -> 26.8532 | E123: =(C123/C122)-1 -> -0.069387671 | F123: =(D123-C123)/C123 -> 0.062066955
A124: 43131 | B124: Ørsted | C124: 27.183792 | D124: =LOOKUP(EOMONTH(A124,0),Target_Prices!A$2:A$38,Target_Prices!C$2:C$38) -> 26.8532 | E124: =(C124/C123)-1 -> 0.075142151 | F124: =(D124-C124)/C124 -> -0.012161364
... A221: 46080 | B221: Ørsted | C221: 20.07637 | D221: =LOOKUP(EOMONTH(A221,0),Target_Prices!A$2:A$38,Target_Prices!C$2:C$38) -> 18.2971 | E221: =(C221/C220)-1 -> 0.058783387 | F221: =(D221-C221)/C221 -> -0.088625085
A222: 42766 | B222: Fortum | C222: 14.79 | D222: =LOOKUP(EOMONTH(A222,0),Target_Prices!A$2:A$38,Target_Prices!D$2:D$38) -> 13.6167 | F222: =(D222-C222)/C222 -> -0.079330629
A223: 42794 | B223: Fortum | C223: 14.49 | D223: =LOOKUP(EOMONTH(A223,0),Target_Prices!A$2:A$38,Target_Prices!D$2:D$38) -> 13.6167 | E223: =(C223/C222)-1 -> -0.020283976 | F223: =(D223-C223)/C223 -> -0.060269151
A224: 42825 | B224: Fortum | C224: 14.83 | D224: =LOOKUP(EOMONTH(A224,0),Target_Prices!A$2:A$38,Target_Prices!D$2:D$38) -> 13.4034 | E224: =(C224/C223)-1 -> 0.023464458 | F224: =(D224-C224)/C224 -> -0.096196898
A225: 42853 | B225: Fortum | C225: 13.36 | D225: =LOOKUP(EOMONTH(A225,0),Target_Prices!A$2:A$38,Target_Prices!D$2:D$38) -> 13.4034 | E225: =(C225/C224)-1 -> -0.099123399 | F225: =(D225-C225)/C225 -> 0.003248503
A226: 42886 | B226: Fortum | C226: 14.18 | D226: =LOOKUP(EOMONTH(A226,0),Target_Prices!A$2:A$38,Target_Prices!D$2:D$38) -> 13.4034 | E226: =(C226/C225)-1 -> 0.061377246 | F226: =(D226-C226)/C226 -> -0.054767278
A227: 42916 | B227: Fortum | C227: 13.73 | D227: =LOOKUP(EOMONTH(A227,0),Target_Prices!A$2:A$38,Target_Prices!D$2:D$38) -> 13.475 | E227: =(C227/C226)-1 -> -0.031734838 | F227: =(D227-C227)/C227 -> -0.018572469
A228: 42947 | B228: Fortum | C228: 13.82 | D228: =LOOKUP(EOMONTH(A228,0),Target_Prices!A$2:A$38,Target_Prices!D$2:D$38) -> 13.475 | E228: =(C228/C227)-1 -> 0.0065549891 | F228: =(D228-C228)/C228 -> -0.024963821
A229: 42978 | B229: Fortum | C229: 15.08 | D229: =LOOKUP(EOMONTH(A229,0),Target_Prices!A$2:A$38,Target_Prices!D$2:D$38) -> 13.475 | E229: =(C229/C228)-1 -> 0.091172214 | F229: =(D229-C229)/C229 -> -0.10643236
A230: 43007 | B230: Fortum | C230: 16.89 | D230: =LOOKUP(EOMONTH(A230,0),Target_Prices!A$2:A$38,Target_Prices!D$2:D$38) -> 14.7889 | E230: =(C230/C229)-1 -> 0.12002653 | F230: =(D230-C230)/C230 -> -0.12439905
A231: 43039 | B231: Fortum | C231: 18.23 | D231: =LOOKUP(EOMONTH(A231,0),Target_Prices!A$2:A$38,Target_Prices!D$2:D$38) -> 14.7889 | E231: =(C231/C230)-1 -> 0.079336886 | F231: =(D231-C231)/C231 -> -0.18876029
A232: 43069 | B232: Fortum | C232: 17.68 | D232: =LOOKUP(EOMONTH(A232,0),Target_Prices!A$2:A$38,Target_Prices!D$2:D$38) -> 14.7889 | E232: =(C232/C231)-1 -> -0.030170049 | F232: =(D232-C232)/C232 -> -0.16352376
A233: 43098 | B233: Fortum | C233: 16.5 | D233: =LOOKUP(EOMONTH(A233,0),Target_Prices!A$2:A$38,Target_Prices!D$2:D$38) -> 17.5795 | E233: =(C233/C232)-1 -> -0.066742081 | F233: =(D233-C233)/C233 -> 0.065424242
A234: 43131 | B234: Fortum | C234: 17.465 | D234: =LOOKUP(EOMONTH(A234,0),Target_Prices!A$2:A$38,Target_Prices!D$2:D$38) -> 17.5795 | E234: =(C234/C233)-1 -> 0.058484848 | F234: =(D234-C234)/C234 -> 0.0065559691
... A331: 46080 | B331: Fortum | C331: 19.81 | D331: =LOOKUP(EOMONTH(A331,0),Target_Prices!A$2:A$38,Target_Prices!D$2:D$38) -> 15.7429 | E331: =(C331/C330)-1 -> -0.0052724077 | F331: =(D331-C331)/C331 -> -0.2053054
A332: 42766 | B332: Neste | C332: 10.753322 | D332: =LOOKUP(EOMONTH(A332,0),Target_Prices!A$2:A$38,Target_Prices!E$2:E$38) -> 12.4637 | F332: =(D332-C332)/C332 -> 0.15905578
A333: 42794 | B333: Neste | C333: 10.959989 | D333: =LOOKUP(EOMONTH(A333,0),Target_Prices!A$2:A$38,Target_Prices!E$2:E$38) -> 12.4637 | E333: =(C333/C332)-1 -> 0.019218898 | F333: =(D333-C333)/C333 -> 0.13720005
A334: 42825 | B334: Neste | C334: 12.186654 | D334: =LOOKUP(EOMONTH(A334,0),Target_Prices!A$2:A$38,Target_Prices!E$2:E$38) -> 11.2683 | E334: =(C334/C333)-1 -> 0.1119221 | F334: =(D334-C334)/C334 -> -0.075357354
A335: 42853 | B335: Neste | C335: 12.496654 | D335: =LOOKUP(EOMONTH(A335,0),Target_Prices!A$2:A$38,Target_Prices!E$2:E$38) -> 11.2683 | E335: =(C335/C334)-1 -> 0.025437704 | F335: =(D335-C335)/C335 -> -0.098294668
A336: 42886 | B336: Neste | C336: 11.796654 | D336: =LOOKUP(EOMONTH(A336,0),Target_Prices!A$2:A$38,Target_Prices!E$2:E$38) -> 11.2683 | E336: =(C336/C335)-1 -> -0.056015032 | F336: =(D336-C336)/C336 -> -0.044788463
A337: 42916 | B337: Neste | C337: 11.496655 | D337: =LOOKUP(EOMONTH(A337,0),Target_Prices!A$2:A$38,Target_Prices!E$2:E$38) -> 11.5789 | E337: =(C337/C336)-1 -> -0.025430855 | F337: =(D337-C337)/C337 -> 0.00715382
A338: 42947 | B338: Neste | C338: 12.209988 | D338: =LOOKUP(EOMONTH(A338,0),Target_Prices!A$2:A$38,Target_Prices!E$2:E$38) -> 11.5789 | E338: =(C338/C337)-1 -> 0.062047004 | F338: =(D338-C338)/C338 -> -0.05168621
A339: 42978 | B339: Neste | C339: 12.346654 | D339: =LOOKUP(EOMONTH(A339,0),Target_Prices!A$2:A$38,Target_Prices!E$2:E$38) -> 11.5789 | E339: =(C339/C338)-1 -> 0.011192968 | F339: =(D339-C339)/C339 -> -0.062183163
A340: 43007 | B340: Neste | C340: 12.316654 | D340: =LOOKUP(EOMONTH(A340,0),Target_Prices!A$2:A$38,Target_Prices!E$2:E$38) -> 11.8066 | E340: =(C340/C339)-1 -> -0.0024298081 | F340: =(D340-C340)/C340 -> -0.041411734
A341: 43039 | B341: Neste | C341: 15.943317 | D341: =LOOKUP(EOMONTH(A341,0),Target_Prices!A$2:A$38,Target_Prices!E$2:E$38) -> 11.8066 | E341: =(C341/C340)-1 -> 0.29445197 | F341: =(D341-C341)/C341 -> -0.25946401
A342: 43069 | B342: Neste | C342: 17.399982 | D342: =LOOKUP(EOMONTH(A342,0),Target_Prices!A$2:A$38,Target_Prices!E$2:E$38) -> 11.8066 | E342: =(C342/C341)-1 -> 0.091365241 | F342: =(D342-C342)/C342 -> -0.32145907
A343: 43098 | B343: Neste | C343: 17.783314 | D343: =LOOKUP(EOMONTH(A343,0),Target_Prices!A$2:A$38,Target_Prices!E$2:E$38) -> 15.2877 | E343: =(C343/C342)-1 -> 0.022030598 | F343: =(D343-C343)/C343 -> -0.14033459
A344: 43131 | B344: Neste | C344: 18.55998 | D344: =LOOKUP(EOMONTH(A344,0),Target_Prices!A$2:A$38,Target_Prices!E$2:E$38) -> 15.2877 | E344: =(C344/C343)-1 -> 0.043673862 | F344: =(D344-C344)/C344 -> -0.17630838
... A441: 46080 | B441: Neste | C441: 21.18 | D441: =LOOKUP(EOMONTH(A441,0),Target_Prices!A$2:A$38,Target_Prices!E$2:E$38) -> 20.4727 | E441: =(C441/C440)-1 -> -0.017625232 | F441: =(D441-C441)/C441 -> -0.033394712
A442: 42766 | B442: Nibe | C442: 1.9093267 | D442: =LOOKUP(EOMONTH(A442,0),Target_Prices!A$2:A$38,Target_Prices!F$2:F$38) -> 1.90462 | F442: =(D442-C442)/C442 -> -0.0024651098
A443: 42794 | B443: Nibe | C443: 1.8965434 | D443: =LOOKUP(EOMONTH(A443,0),Target_Prices!A$2:A$38,Target_Prices!F$2:F$38) -> 1.90462 | E443: =(C443/C442)-1 -> -0.0066951874 | F443: =(D443-C443)/C443 -> 0.0042585896
A444: 42825 | B444: Nibe | C444: 1.8757993 | D444: =LOOKUP(EOMONTH(A444,0),Target_Prices!A$2:A$38,Target_Prices!F$2:F$38) -> 1.94314 | E444: =(C444/C443)-1 -> -0.010937846 | F444: =(D444-C444)/C444 -> 0.035899736
A445: 42853 | B445: Nibe | C445: 2.0352745 | D445: =LOOKUP(EOMONTH(A445,0),Target_Prices!A$2:A$38,Target_Prices!F$2:F$38) -> 1.94314 | E445: =(C445/C444)-1 -> 0.085017198 | F445: =(D445-C445)/C445 -> -0.045268832
A446: 42886 | B446: Nibe | C446: 2.0796947 | D446: =LOOKUP(EOMONTH(A446,0),Target_Prices!A$2:A$38,Target_Prices!F$2:F$38) -> 1.94314 | E446: =(C446/C445)-1 -> 0.021825164 | F446: =(D446-C446)/C446 -> -0.065660936
A447: 42916 | B447: Nibe | C447: 2.067302 | D447: =LOOKUP(EOMONTH(A447,0),Target_Prices!A$2:A$38,Target_Prices!F$2:F$38) -> 2.20316 | E447: =(C447/C446)-1 -> -0.0059589035 | F447: =(D447-C447)/C447 -> 0.065717539
A448: 42947 | B448: Nibe | C448: 2.0197673 | D448: =LOOKUP(EOMONTH(A448,0),Target_Prices!A$2:A$38,Target_Prices!F$2:F$38) -> 2.20316 | E448: =(C448/C447)-1 -> -0.022993593 | F448: =(D448-C448)/C448 -> 0.090798925
A449: 42978 | B449: Nibe | C449: 1.9330388 | D449: =LOOKUP(EOMONTH(A449,0),Target_Prices!A$2:A$38,Target_Prices!F$2:F$38) -> 2.20316 | E449: =(C449/C448)-1 -> -0.042939848 | F449: =(D449-C449)/C449 -> 0.13973915
A450: 43007 | B450: Nibe | C450: 2.1257515 | D450: =LOOKUP(EOMONTH(A450,0),Target_Prices!A$2:A$38,Target_Prices!F$2:F$38) -> 2.06524 | E450: =(C450/C449)-1 -> 0.099694171 | F450: =(D450-C450)/C450 -> -0.028465933
A451: 43039 | B451: Nibe | C451: 2.146835 | D451: =LOOKUP(EOMONTH(A451,0),Target_Prices!A$2:A$38,Target_Prices!F$2:F$38) -> 2.06524 | E451: =(C451/C450)-1 -> 0.0099181395 | F451: =(D451-C451)/C451 -> -0.038007113
A452: 43069 | B452: Nibe | C452: 2.0076513 | D452: =LOOKUP(EOMONTH(A452,0),Target_Prices!A$2:A$38,Target_Prices!F$2:F$38) -> 2.06524 | E452: =(C452/C451)-1 -> -0.064832043 | F452: =(D452-C452)/C452 -> 0.028684613
A453: 43098 | B453: Nibe | C453: 1.9986675 | D453: =LOOKUP(EOMONTH(A453,0),Target_Prices!A$2:A$38,Target_Prices!F$2:F$38) -> 1.97917 | E453: =(C453/C452)-1 -> -0.0044747811 | F453: =(D453-C453)/C453 -> -0.0097552494
A454: 43131 | B454: Nibe | C454: 1.9596835 | D454: =LOOKUP(EOMONTH(A454,0),Target_Prices!A$2:A$38,Target_Prices!F$2:F$38) -> 1.97917 | E454: =(C454/C453)-1 -> -0.019504995 | F454: =(D454-C454)/C454 -> 0.0099436975
... A551: 46080 | B551: Nibe | C551: 3.4797761 | D551: =LOOKUP(EOMONTH(A551,0),Target_Prices!A$2:A$38,Target_Prices!F$2:F$38) -> 3.9991 | E551: =(C551/C550)-1 -> 0.074656828 | F551: =(D551-C551)/C551 -> 0.14924061
A552: 42766 | B552: Engie | C552: 11.065 | D552: =LOOKUP(EOMONTH(A552,0),Target_Prices!A$2:A$38,Target_Prices!G$2:G$38) -> 15.1643 | F552: =(D552-C552)/C552 -> 0.37047447
A553: 42794 | B553: Engie | C553: 11.54 | D553: =LOOKUP(EOMONTH(A553,0),Target_Prices!A$2:A$38,Target_Prices!G$2:G$38) -> 15.1643 | E553: =(C553/C552)-1 -> 0.042928152 | F553: =(D553-C553)/C553 -> 0.31406412
A554: 42825 | B554: Engie | C554: 13.28 | D554: =LOOKUP(EOMONTH(A554,0),Target_Prices!A$2:A$38,Target_Prices!G$2:G$38) -> 14.4553 | E554: =(C554/C553)-1 -> 0.1507799 | F554: =(D554-C554)/C554 -> 0.088501506
A555: 42853 | B555: Engie | C555: 12.95 | D555: =LOOKUP(EOMONTH(A555,0),Target_Prices!A$2:A$38,Target_Prices!G$2:G$38) -> 14.4553 | E555: =(C555/C554)-1 -> -0.024849398 | F555: =(D555-C555)/C555 -> 0.11623938
A556: 42886 | B556: Engie | C556: 13.585 | D556: =LOOKUP(EOMONTH(A556,0),Target_Prices!A$2:A$38,Target_Prices!G$2:G$38) -> 14.4553 | E556: =(C556/C555)-1 -> 0.049034749 | F556: =(D556-C556)/C556 -> 0.064063305
A557: 42916 | B557: Engie | C557: 13.215 | D557: =LOOKUP(EOMONTH(A557,0),Target_Prices!A$2:A$38,Target_Prices!G$2:G$38) -> 14.5333 | E557: =(C557/C556)-1 -> -0.027235922 | F557: =(D557-C557)/C557 -> 0.099757851
A558: 42947 | B558: Engie | C558: 13.605 | D558: =LOOKUP(EOMONTH(A558,0),Target_Prices!A$2:A$38,Target_Prices!G$2:G$38) -> 14.5333 | E558: =(C558/C557)-1 -> 0.029511918 | F558: =(D558-C558)/C558 -> 0.068232268
A559: 42978 | B559: Engie | C559: 14.02 | D559: =LOOKUP(EOMONTH(A559,0),Target_Prices!A$2:A$38,Target_Prices!G$2:G$38) -> 14.5333 | E559: =(C559/C558)-1 -> 0.030503491 | F559: =(D559-C559)/C559 -> 0.036611983
A560: 43007 | B560: Engie | C560: 14.37 | D560: =LOOKUP(EOMONTH(A560,0),Target_Prices!A$2:A$38,Target_Prices!G$2:G$38) -> 14.9294 | E560: =(C560/C559)-1 -> 0.024964337 | F560: =(D560-C560)/C560 -> 0.038928323
A561: 43039 | B561: Engie | C561: 14.51 | D561: =LOOKUP(EOMONTH(A561,0),Target_Prices!A$2:A$38,Target_Prices!G$2:G$38) -> 14.9294 | E561: =(C561/C560)-1 -> 0.0097425191 | F561: =(D561-C561)/C561 -> 0.028904204
A562: 43069 | B562: Engie | C562: 14.705 | D562: =LOOKUP(EOMONTH(A562,0),Target_Prices!A$2:A$38,Target_Prices!G$2:G$38) -> 14.9294 | E562: =(C562/C561)-1 -> 0.013439008 | F562: =(D562-C562)/C562 -> 0.015260116
A563: 43098 | B563: Engie | C563: 14.335 | D563: =LOOKUP(EOMONTH(A563,0),Target_Prices!A$2:A$38,Target_Prices!G$2:G$38) -> 16.03 | E563: =(C563/C562)-1 -> -0.02516151 | F563: =(D563-C563)/C563 -> 0.11824206
A564: 43131 | B564: Engie | C564: 13.98 | D564: =LOOKUP(EOMONTH(A564,0),Target_Prices!A$2:A$38,Target_Prices!G$2:G$38) -> 16.03 | E564: =(C564/C563)-1 -> -0.024764562 | F564: =(D564-C564)/C564 -> 0.14663805
... A661: 46080 | B661: Engie | C661: 28.93 | D661: =LOOKUP(EOMONTH(A661,0),Target_Prices!A$2:A$38,Target_Prices!G$2:G$38) -> 24.3235 | E661: =(C661/C660)-1 -> 0.15258964 | F661: =(D661-C661)/C661 -> -0.15922917
A662: 42766 | B662: Centrica | C662: 2.6111948 | D662: =LOOKUP(EOMONTH(A662,0),Target_Prices!A$2:A$38,Target_Prices!H$2:H$38) -> 2.78976 | F662: =(D662-C662)/C662 -> 0.068384481
A663: 42794 | B663: Centrica | C663: 2.6572027 | D663: =LOOKUP(EOMONTH(A663,0),Target_Prices!A$2:A$38,Target_Prices!H$2:H$38) -> 2.78976 | E663: =(C663/C662)-1 -> 0.017619482 | F663: =(D663-C663)/C663 -> 0.049886032
A664: 42825 | B664: Centrica | C664: 2.5370264 | D664: =LOOKUP(EOMONTH(A664,0),Target_Prices!A$2:A$38,Target_Prices!H$2:H$38) -> 2.60594 | E664: =(C664/C663)-1 -> -0.045226621 | F664: =(D664-C664)/C664 -> 0.027163139
A665: 42853 | B665: Centrica | C665: 2.3511927 | D665: =LOOKUP(EOMONTH(A665,0),Target_Prices!A$2:A$38,Target_Prices!H$2:H$38) -> 2.60594 | E665: =(C665/C664)-1 -> -0.073248627 | F665: =(D665-C665)/C665 -> 0.10834812
A666: 42886 | B666: Centrica | C666: 2.3339274 | D666: =LOOKUP(EOMONTH(A666,0),Target_Prices!A$2:A$38,Target_Prices!H$2:H$38) -> 2.60594 | E666: =(C666/C665)-1 -> -0.0073432093 | F666: =(D666-C666)/C666 -> 0.11654716
A667: 42916 | B667: Centrica | C667: 2.2800386 | D667: =LOOKUP(EOMONTH(A667,0),Target_Prices!A$2:A$38,Target_Prices!H$2:H$38) -> 2.36191 | E667: =(C667/C666)-1 -> -0.023089321 | F667: =(D667-C667)/C667 -> 0.035907901
A668: 42947 | B668: Centrica | C668: 2.2196138 | D668: =LOOKUP(EOMONTH(A668,0),Target_Prices!A$2:A$38,Target_Prices!H$2:H$38) -> 2.36191 | E668: =(C668/C667)-1 -> -0.026501657 | F668: =(D668-C668)/C668 -> 0.06410854
A669: 42978 | B669: Centrica | C669: 2.1665502 | D669: =LOOKUP(EOMONTH(A669,0),Target_Prices!A$2:A$38,Target_Prices!H$2:H$38) -> 2.36191 | E669: =(C669/C668)-1 -> -0.023906681 | F669: =(D669-C669)/C669 -> 0.090170909
A670: 43007 | B670: Centrica | C670: 2.1222174 | D670: =LOOKUP(EOMONTH(A670,0),Target_Prices!A$2:A$38,Target_Prices!H$2:H$38) -> 2.3499 | E670: =(C670/C669)-1 -> -0.020462392 | F670: =(D670-C670)/C670 -> 0.10728524
A671: 43039 | B671: Centrica | C671: 1.9355845 | D671: =LOOKUP(EOMONTH(A671,0),Target_Prices!A$2:A$38,Target_Prices!H$2:H$38) -> 2.3499 | E671: =(C671/C670)-1 -> -0.087942404 | F671: =(D671-C671)/C671 -> 0.21405188
A672: 43069 | B672: Centrica | C672: 1.6416135 | D672: =LOOKUP(EOMONTH(A672,0),Target_Prices!A$2:A$38,Target_Prices!H$2:H$38) -> 2.3499 | E672: =(C672/C671)-1 -> -0.15187712 | F672: =(D672-C672)/C672 -> 0.43145753
A673: 43098 | B673: Centrica | C673: 1.5467404 | D673: =LOOKUP(EOMONTH(A673,0),Target_Prices!A$2:A$38,Target_Prices!H$2:H$38) -> 1.78053 | E673: =(C673/C672)-1 -> -0.057792592 | F673: =(D673-C673)/C673 -> 0.15114986
A674: 43131 | B674: Centrica | C674: 1.5233601 | D674: =LOOKUP(EOMONTH(A674,0),Target_Prices!A$2:A$38,Target_Prices!H$2:H$38) -> 1.78053 | E674: =(C674/C673)-1 -> -0.015115853 | F674: =(D674-C674)/C674 -> 0.16881754
... A771: 46080 | B771: Centrica | C771: 2.267699 | D771: =LOOKUP(EOMONTH(A771,0),Target_Prices!A$2:A$38,Target_Prices!H$2:H$38) -> 2.22805 | E771: =(C771/C770)-1 -> 0.029560106 | F771: =(D771-C771)/C771 -> -0.017484243
A772: 42766 | B772: SSE | C772: 17.334236 | D772: =LOOKUP(EOMONTH(A772,0),Target_Prices!A$2:A$38,Target_Prices!I$2:I$38) -> 18.7059 | F772: =(D772-C772)/C772 -> 0.079130341
...

Sheet FIRM CRITERIA
A1: companies | B1: tick | C1: Market cap (M) @20/02 | D1: Analyst taget history @Q1 2017 | E1: no of analyst as at date | F1: 30D Average trading volume | G1: Price @23/02 in euros (changes constantly*) | H1: Liquidity requirement @avrg daily trading value >10million euros | I1: FS consistency: public listing b4 2026|price history continous 2016|Extreme restructuring? | J1: SECTOR/Industry | K1: Exhange
A2: Vestas | B2: VWS-DK | C2: 21678.64 | D2: yes | E2: 23 | F2: 3163378 | G2: 21.18 | H2: =F2*G2 -> 67000346 | I2: YES, YES,NO | J2: Industrial manufacturing/renewable energy | K2: OMX Nordic Copenhagen
A3: Fortum | B3: FORTUM-FI | C3: 17671.62 | D3: yes | E3: 30 | F3: 1375843 | G3: 19.61 | H3: =F3*G3 -> 26980281 | I3: YES, YES,NO | J3: Utilities/International electric utilites | K3: OMX Nordic Helsinki
A4: Neste | B4: NESTE-FI | C4: 16365.59 | D4: yes | E4: 21 | F4: 1520903 | G4: 21.04 | H4: =F4*G4 -> 31999799 | I4: YES, YES, private placement in '18 | J4: Downstream and Midstream Energy/Europe petroluem refinery | K4: OMX Nordic Helsinki
A5: NIBE | B5: NIBE.B-SE | C5: 7575.8 | D5: yes | E5: 9 | F5: 9074883 | G5: 3.71 | H5: =F5*G5 -> 33667816 | I5: YES, YES, NO | J5: industrial manufacturing/Environmental Control Machinery/Equipment Products | K5: OMX Nordic Stockholm
A6: Ørsted | B6: ORSTED-DK | C6: 27430.8 | D6: yes | E6: 16 | F6: 1470664 | G6: 20.39 | H6: =F6*G6 -> 29986839 | I6: YES, YES, NO | J6: UTILITIES/EUROPE WHOLESALE POWER | K6: OMX Nordic Copenhagen
A7: Engie | B7: ENGI-FR | C7: 63952.36 | D7: yes | E7: 19 | F7: 4349721 | G7: 26.39 | H7: =F7*G7 -> 1.1478914e+08 | I7: YES, YES, NO | J7: UTILITIES/Other International Energy Utilities | K7: EURONEXT PARIS
A8: CENTRICA | B8: CAN-GB | C8: 9754.4 | D8: yes | E8: 19 | F8: 13350397 | G8: 2.2 | H8: =F8*G8 -> 29370873 | I8: YES, YES, NO | J8: UTILITIES/Other International Energy Utilities | K8: London
A9: SSE | B9: SSE-GB | C9: 35837.67 | D9: yes | E9: 18 | F9: 3402160 | G9: 29.74 | H9: =F9*G9 -> 1.0118024e+08 | I9: YES, YES, NO | J9: Utilities/International electric utilites | K9: London
A10: EDP | B10: EDP-PT | C10: 17767.29 | D10: yes | E10: 21 | F10: 13107864 | G10: 4.33 | H10: =F10*G10 -> 56757051 | I10: yes, yes, no | J10: Utilities/ Europe wholesale power | K10: Euronext Lisbon
A11: RWE | B11: RWE-DE | C11: 38560.73 | D11: yes | E11: 28 | F11: 2066534 | G11: 52.04 | H11: =F11*G11 -> 1.0754243e+08 | I11: YES, YES, planned M&A aug '26 | J11: Utilities/ Europe wholesale power | K11: Xetra
A12: Iberdrola | B12: IBE-ES | C12: 132502.15 | D12: yes | E12: 27 | F12: 9828868 | G12: 19.79 | H12: =F12*G12 -> 1.945133e+08 | I12: YES, YES, NO | J12: Utilities/ Europe wholesale power | K12: Madrid
A13: Enel | B13: ENEL-IT | C13: 92242.19 | D13: yes | E13: 24 | F13: 25093547 | G13: 9.68 | H13: =F13*G13 -> 2.4290553e+08 | I13: yes, yes, no | J13: Utilities/International electric utilites | K13: MILAN
A16: COMPANY | B16: TICKER | C16: COUNTRY | D16: SECTOR | E16: Market Capitalization (€m) | F16: No of analyst target ratings | G16: 30D Average Trading Value (€ millions) | H16: EXCHANGE | I16: ROLE IN ENERGY TRANSITION
A17: Vestas | B17: VWS-DK | C17: Denmark | D17: Renewable Energy Equipment | E17: 21678.64 | F17: 23 | G17: =E17*F17 -> 498608.72 | H17: OMX Nordic Copenhagen | I17: Builds wind turbines used to generate renewable energy
A18: Fortum | B18: FORTUM-FI | C18: Finland | D18: Integrated Utilities | E18: 17671.62 | F18: 30 | G18: =E18*F18 -> 530148.6 | H18: OMX Nordic Helsinki | I18: Produces low-carbon electricity
A19: Neste | B19: NESTE-FI | C19: Finland | D19: Renewable Fuels | E19: 16365.59 | F19: 21 | G19: =E19*F19 -> 343677.39 | H19: OMX Nordic Helsinki | I19: Produces renewable fuels to replace fossil fuels
A20: NIBE | B20: NIBE.B-SE | C20: Sweden | D20: Electrification Equipment | E20: 7575.8 | F20: 9 | G20: =E20*F20 -> 68182.2 | H20: OMX Nordic Stockholm | I20: Produces energy-efficient heating solutions (heat pumps)
A21: Ørsted | B21: ORSTED-DK | C21: Denmark | D21: Integrated Utilities | E21: 27430.8 | F21: 16 | G21: =E21*F21 -> 438892.8 | H21: OMX Nordic Copenhagen | I21: Develops and operates offshore wind farms
A22: Engie | B22: ENGI-FR | C22: France | D22: Integrated Utilities | E22: 63952.36 | F22: 19 | G22: =E22*F22 -> 1215094.8 | H22: EURONEXT PARIS | I22: Provides energy services and invest in renewables
A23: CENTRICA | B23: CAN-GB | C23: Great Britain | D23: Integrated Utilities | E23: 9754.4 | F23: 19 | G23: =E23*F23 -> 185333.6 | H23: London | I23: Supplies energy and supports low_carbon energy solutions
A24: SSE | B24: SSE-GB | C24: Great Britain | D24: Integrated Utilities | E24: 35837.67 | F24: 18 | G24: =E24*F24 -> 645078.06 | H24: London | I24: Generates electricity and invests in renewable energy
A25: EDP | B25: EDP-PT | C25: Portugal | D25: Integrated Utilities | E25: 17767.29 | F25: 21 | G25: =E25*F25 -> 373113.09 | H25: Euronext Lisbon | I25: Develops and operates wind and solar energy
A26: RWE | B26: RWE-DE | C26: Germany | D26: Integrated Utilities | E26: 38560.73 | F26: 28 | G26: =E26*F26 -> 1079700.4 | H26: Xetra | I26: Expanding into renewable energy from traditional power
A27: Iberdrola | B27: IBE-ES | C27: Spain | D27: Integrated Utilities | E27: 132502.15 | F27: 27 | G27: =E27*F27 -> 3577558 | H27: Madrid | I27: Produces and supplies renewable electricity
A28: Enel | B28: ENEL-IT | C28: Italy | D28: Integrated Utilities | E28: 92242.19 | F28: 24 | G28: =E28*F28 -> 2213812.6 | H28: MILAN | I28: Generates and distributes renewable power
A31: COMPANY | B31: COUNTRY | C31: SECTOR | D31: ROLE IN ENERGY TRANSITION
A32: Vestas | B32: Denmark | C32: Renewable Energy Equipment | D32: Builds wind turbines used to generate renewable energy
A33: Fortum | B33: Finland | C33: Integrated Utilities | D33: Produces low-carbon electricity
A34: Neste | B34: Finland | C34: Renewable Fuels | D34: Produces renewable fuels to replace fossil fuels
A35: NIBE | B35: Sweden | C35: Electrification Equipment | D35: Produces energy-efficient heating solutions (heat pumps)
A36: Ørsted | B36: Denmark | C36: Integrated Utilities | D36: Develops and operates offshore wind farms
A37: Engie | B37: France | C37: Integrated Utilities | D37: Provides energy services and invest in renewables
A38: CENTRICA | B38: Great Britain | C38: Integrated Utilities | D38: Supplies energy and supports low_carbon energy solutions
A39: SSE | B39: Great Britain | C39: Integrated Utilities | D39: Generates electricity and invests in renewable energy
A40: EDP | B40: Portugal | C40: Integrated Utilities | D40: Develops and operates wind and solar energy
A41: RWE | B41: Germany | C41: Integrated Utilities | D41: Expanding into renewable energy from traditional power
A42: Iberdrola | B42: Spain | C42: Integrated Utilities | D42: Produces and supplies renewable electricity
A43: Enel | B43: Italy | C43: Integrated Utilities | D43: Generates and distributes renewable power
